,File_name,Author_name,Credit,license_code,license_link,link_original_file,link_page
0,Rare Blue Super Moon 1.jpg,PumpkinSky,Own work,CC BY-SA 3.0,https://creativecommons.org/licenses/by-sa/3.0,https://upload.wikimedia.org/wikipedia/commons/c/c6/Rare_Blue_Super_Moon_1.jpg,https://commons.wikimedia.org/wiki/File:Rare_Blue_Super_Moon_1.jpg
1,Rare Blue Super Moon 2.jpg,PumpkinSky,Own work,CC BY-SA 3.0,https://creativecommons.org/licenses/by-sa/3.0,https://upload.wikimedia.org/wikipedia/commons/2/2c/Rare_Blue_Super_Moon_2.jpg,https://commons.wikimedia.org/wiki/File:Rare_Blue_Super_Moon_2.jpg
2,2017-10 Circumpolar Haut-Kœnigsbourg.jpg,0x010C,Own work,CC BY-SA 4.0,https://creativecommons.org/licenses/by-sa/4.0,https://upload.wikimedia.org/wikipedia/commons/8/89/2017-10_Circumpolar_Haut-K%C5%93nigsbourg.jpg,https://commons.wikimedia.org/wiki/File:2017-10_Circumpolar_Haut-K%C5%93nigsbourg.jpg
3,Cygnus-Wall.jpg,Chuck Ayoub,Own work,CC BY-SA 4.0,https://creativecommons.org/licenses/by-sa/4.0,https://upload.wikimedia.org/wikipedia/commons/2/22/Cygnus-Wall.jpg,https://commons.wikimedia.org/wiki/File:Cygnus-Wall.jpg
4,Waxing moon in tree 2.jpg,W.carter,Own work,Public domain,https://creativecommons.org/licenses/by-sa/4.0,https://upload.wikimedia.org/wikipedia/commons/2/24/Waxing_moon_in_tree_2.jpg,https://commons.wikimedia.org/wiki/File:Waxing_moon_in_tree_2.jpg
5,Sun in fog in Lysekil.jpg,W.carter,Own work,CC BY-SA 4.0,https://creativecommons.org/licenses/by-sa/4.0,https://upload.wikimedia.org/wikipedia/commons/c/c9/Sun_in_fog_in_Lysekil.jpg,https://commons.wikimedia.org/wiki/File:Sun_in_fog_in_Lysekil.jpg
6,Moon 2017-02-17 UK.jpg,Colin,Own work,CC BY-SA 4.0,https://creativecommons.org/licenses/by-sa/4.0,https://upload.wikimedia.org/wikipedia/commons/7/78/Moon_2017-02-17_UK.jpg,https://commons.wikimedia.org/wiki/File:Moon_2017-02-17_UK.jpg
7,Total Lunar Eclipse 28 09 2015.JPG,,Own work,CC BY-SA 3.0 at,https://creativecommons.org/licenses/by-sa/3.0/at/deed.en,https://upload.wikimedia.org/wikipedia/commons/6/6f/Total_Lunar_Eclipse_28_09_2015.JPG,https://commons.wikimedia.org/wiki/File:Total_Lunar_Eclipse_28_09_2015.JPG
8,Kuffner-Sternwarte - das Heliometer-1133-6.jpg,,Own work,CC BY-SA 4.0,https://creativecommons.org/licenses/by-sa/4.0,https://upload.wikimedia.org/wikipedia/commons/e/e6/Kuffner-Sternwarte_-_das_Heliometer-1133-6.jpg,https://commons.wikimedia.org/wiki/File:Kuffner-Sternwarte_-_das_Heliometer-1133-6.jpg
9,2015 Koniunkcja Jowisza i Wenus.jpg,Jacek Halicki,Own work,CC BY-SA 4.0,https://creativecommons.org/licenses/by-sa/4.0,https://upload.wikimedia.org/wikipedia/commons/0/0a/2015_Koniunkcja_Jowisza_i_Wenus.jpg,https://commons.wikimedia.org/wiki/File:2015_Koniunkcja_Jowisza_i_Wenus.jpg
10,2014 Meteor.jpg,Jacek Halicki,Own work,CC BY-SA 4.0,https://creativecommons.org/licenses/by-sa/4.0,https://upload.wikimedia.org/wikipedia/commons/7/7d/2014_Meteor.jpg,https://commons.wikimedia.org/wiki/File:2014_Meteor.jpg
11,Mauna Kea Eastern Telescopes.jpg,Generic1139,Own work,CC BY 4.0,https://creativecommons.org/licenses/by/4.0,https://upload.wikimedia.org/wikipedia/commons/a/a0/Mauna_Kea_Eastern_Telescopes.jpg,https://commons.wikimedia.org/wiki/File:Mauna_Kea_Eastern_Telescopes.jpg
12,2014-04-10 21-49-06 lune.jpg,,Own work,CC BY 3.0,https://creativecommons.org/licenses/by/3.0,https://upload.wikimedia.org/wikipedia/commons/3/3b/2014-04-10_21-49-06_lune.jpg,https://commons.wikimedia.org/wiki/File:2014-04-10_21-49-06_lune.jpg
13,Southern Cross and Coalsack Dark Nebula.jpg,Fedaro,Own work,CC BY-SA 3.0,https://creativecommons.org/licenses/by-sa/3.0,https://upload.wikimedia.org/wikipedia/commons/3/39/Southern_Cross_and_Coalsack_Dark_Nebula.jpg,https://commons.wikimedia.org/wiki/File:Southern_Cross_and_Coalsack_Dark_Nebula.jpg
14,2013-03-03 21-15-34-gde-casserole-5c-10f-10d-16o-ann.jpg,,Own work,CC BY 3.0,https://creativecommons.org/licenses/by/3.0,https://upload.wikimedia.org/wikipedia/commons/a/ab/2013-03-03_21-15-34-gde-casserole-5c-10f-10d-16o-ann.jpg,https://commons.wikimedia.org/wiki/File:2013-03-03_21-15-34-gde-casserole-5c-10f-10d-16o-ann.jpg
15,2012-12-31 21-10-15-orion-taurus-5c-25im-21d-27o.jpg,,Own work,CC BY 3.0,https://creativecommons.org/licenses/by/3.0,https://upload.wikimedia.org/wikipedia/commons/2/2d/2012-12-31_21-10-15-orion-taurus-5c-25im-21d-27o.jpg,https://commons.wikimedia.org/wiki/File:2012-12-31_21-10-15-orion-taurus-5c-25im-21d-27o.jpg
16,2012-12-31 21-10-15-orion-taurus-5c-25im-21d-27o-ann.jpg,,Own work,CC BY 3.0,https://creativecommons.org/licenses/by/3.0,https://upload.wikimedia.org/wikipedia/commons/d/dc/2012-12-31_21-10-15-orion-taurus-5c-25im-21d-27o-ann.jpg,https://commons.wikimedia.org/wiki/File:2012-12-31_21-10-15-orion-taurus-5c-25im-21d-27o-ann.jpg
17,2012-12-11 11-59-11-soleil-halpha.jpg,,Own work,CC BY 3.0,https://creativecommons.org/licenses/by/3.0,https://upload.wikimedia.org/wikipedia/commons/5/50/2012-12-11_11-59-11-soleil-halpha.jpg,https://commons.wikimedia.org/wiki/File:2012-12-11_11-59-11-soleil-halpha.jpg
18,2012-12-11 11-55-31-soleil-halpha.jpg,,Own work,CC BY 3.0,https://creativecommons.org/licenses/by/3.0,https://upload.wikimedia.org/wikipedia/commons/6/6d/2012-12-11_11-55-31-soleil-halpha.jpg,https://commons.wikimedia.org/wiki/File:2012-12-11_11-55-31-soleil-halpha.jpg
19,2012-10-25 20-41-01-waxing-gibbous-moon.jpg,,Own work,CC BY 3.0,https://creativecommons.org/licenses/by/3.0,https://upload.wikimedia.org/wikipedia/commons/0/08/2012-10-25_20-41-01-waxing-gibbous-moon.jpg,https://commons.wikimedia.org/wiki/File:2012-10-25_20-41-01-waxing-gibbous-moon.jpg
20,2012-10-19 22-55-54-seloncourt.jpg,,Own work,CC BY 3.0,https://creativecommons.org/licenses/by/3.0,https://upload.wikimedia.org/wikipedia/commons/7/7b/2012-10-19_22-55-54-seloncourt.jpg,https://commons.wikimedia.org/wiki/File:2012-10-19_22-55-54-seloncourt.jpg
21,2012-10-13 15-37-31-sun.jpg,,Own work,CC BY 3.0,https://creativecommons.org/licenses/by/3.0,https://upload.wikimedia.org/wikipedia/commons/f/f1/2012-10-13_15-37-31-sun.jpg,https://commons.wikimedia.org/wiki/File:2012-10-13_15-37-31-sun.jpg
22,2012-10-13 15-29-35-sun.jpg,,Own work,CC BY 3.0,https://creativecommons.org/licenses/by/3.0,https://upload.wikimedia.org/wikipedia/commons/6/6a/2012-10-13_15-29-35-sun.jpg,https://commons.wikimedia.org/wiki/File:2012-10-13_15-29-35-sun.jpg
23,2012-09-18 05-35-02-orion-taurus-and-10c-22f-25d-30o-ann.jpg,,Own work,CC BY 3.0,https://creativecommons.org/licenses/by/3.0,https://upload.wikimedia.org/wikipedia/commons/d/d1/2012-09-18_05-35-02-orion-taurus-and-10c-22f-25d-30o-ann.jpg,https://commons.wikimedia.org/wiki/File:2012-09-18_05-35-02-orion-taurus-and-10c-22f-25d-30o-ann.jpg
24,2012-08-11 23-56-28-Cassiopeia-ann-2c-27f-28d.jpg,,Own work,CC BY 3.0,https://creativecommons.org/licenses/by/3.0,https://upload.wikimedia.org/wikipedia/commons/7/7d/2012-08-11_23-56-28-Cassiopeia-ann-2c-27f-28d.jpg,https://commons.wikimedia.org/wiki/File:2012-08-11_23-56-28-Cassiopeia-ann-2c-27f-28d.jpg
25,2012-08-12 17-24-01-sun-halpha.jpg,,Own work,CC BY 3.0,https://creativecommons.org/licenses/by/3.0,https://upload.wikimedia.org/wikipedia/commons/f/f4/2012-08-12_17-24-01-sun-halpha.jpg,https://commons.wikimedia.org/wiki/File:2012-08-12_17-24-01-sun-halpha.jpg
26,2012-08-12 17-22-35-sun-halpha.jpg,,Own work,CC BY 3.0,https://creativecommons.org/licenses/by/3.0,https://upload.wikimedia.org/wikipedia/commons/7/7f/2012-08-12_17-22-35-sun-halpha.jpg,https://commons.wikimedia.org/wiki/File:2012-08-12_17-22-35-sun-halpha.jpg
27,2012-08-12 17-20-41-sun-halpha.jpg,,Own work,CC BY 3.0,https://creativecommons.org/licenses/by/3.0,https://upload.wikimedia.org/wikipedia/commons/4/4c/2012-08-12_17-20-41-sun-halpha.jpg,https://commons.wikimedia.org/wiki/File:2012-08-12_17-20-41-sun-halpha.jpg
28,2012-08-11 23-56-28-Cassiopeia-2c-27f-28d.jpg,,Own work,CC BY 3.0,https://creativecommons.org/licenses/by/3.0,https://upload.wikimedia.org/wikipedia/commons/7/70/2012-08-11_23-56-28-Cassiopeia-2c-27f-28d.jpg,https://commons.wikimedia.org/wiki/File:2012-08-11_23-56-28-Cassiopeia-2c-27f-28d.jpg
29,2012-08-11 23-46-33-iss.jpg,,Own work,CC BY 3.0,https://creativecommons.org/licenses/by/3.0,https://upload.wikimedia.org/wikipedia/commons/7/77/2012-08-11_23-46-33-iss.jpg,https://commons.wikimedia.org/wiki/File:2012-08-11_23-46-33-iss.jpg
30,2012-08-11 17-05-15-sun-halpha.jpg,,Own work,CC BY 3.0,https://creativecommons.org/licenses/by/3.0,https://upload.wikimedia.org/wikipedia/commons/2/26/2012-08-11_17-05-15-sun-halpha.jpg,https://commons.wikimedia.org/wiki/File:2012-08-11_17-05-15-sun-halpha.jpg
31,2012-08-11 17-01-49-sun-halpha.jpg,,Own work,CC BY 3.0,https://creativecommons.org/licenses/by/3.0,https://upload.wikimedia.org/wikipedia/commons/1/16/2012-08-11_17-01-49-sun-halpha.jpg,https://commons.wikimedia.org/wiki/File:2012-08-11_17-01-49-sun-halpha.jpg
32,2012-07-31 22-55-29-m31-29f-30d.jpg,,Own work,CC BY 3.0,https://creativecommons.org/licenses/by/3.0,https://upload.wikimedia.org/wikipedia/commons/7/74/2012-07-31_22-55-29-m31-29f-30d.jpg,https://commons.wikimedia.org/wiki/File:2012-07-31_22-55-29-m31-29f-30d.jpg
33,2012-07-17 13-30-54-sun-halpha.jpg,,Own work,CC BY 3.0,https://creativecommons.org/licenses/by/3.0,https://upload.wikimedia.org/wikipedia/commons/4/44/2012-07-17_13-30-54-sun-halpha.jpg,https://commons.wikimedia.org/wiki/File:2012-07-17_13-30-54-sun-halpha.jpg
34,2012-05-11 14-10-42-sun.jpg,,Own work,CC BY 3.0,https://creativecommons.org/licenses/by/3.0,https://upload.wikimedia.org/wikipedia/commons/1/10/2012-05-11_14-10-42-sun.jpg,https://commons.wikimedia.org/wiki/File:2012-05-11_14-10-42-sun.jpg
35,2012-04-06 21-18-08-m45-venus-18f-13d-16o.jpg,,Own work,CC BY 3.0,https://creativecommons.org/licenses/by/3.0,https://upload.wikimedia.org/wikipedia/commons/4/48/2012-04-06_21-18-08-m45-venus-18f-13d-16o.jpg,https://commons.wikimedia.org/wiki/File:2012-04-06_21-18-08-m45-venus-18f-13d-16o.jpg
36,2012-03-25 19-39-30-conj-lune-jupi-12f-2.5s-8d-f5.6-iso200-42mm.jpg,,Own work,CC BY 3.0,https://creativecommons.org/licenses/by/3.0,https://upload.wikimedia.org/wikipedia/commons/9/97/2012-03-25_19-39-30-conj-lune-jupi-12f-2.5s-8d-f5.6-iso200-42mm.jpg,https://commons.wikimedia.org/wiki/File:2012-03-25_19-39-30-conj-lune-jupi-12f-2.5s-8d-f5.6-iso200-42mm.jpg
37,2012-03-21 21-34-00-startrails.jpg,,Own work,CC BY 3.0,https://creativecommons.org/licenses/by/3.0,https://upload.wikimedia.org/wikipedia/commons/5/55/2012-03-21_21-34-00-startrails.jpg,https://commons.wikimedia.org/wiki/File:2012-03-21_21-34-00-startrails.jpg
38,2012-03-25 00-26-31-uma-4fov-9f-5s-ISO640-72d-27o.jpg,,Own work,CC BY 3.0,https://creativecommons.org/licenses/by/3.0,https://upload.wikimedia.org/wikipedia/commons/2/2c/2012-03-25_00-26-31-uma-4fov-9f-5s-ISO640-72d-27o.jpg,https://commons.wikimedia.org/wiki/File:2012-03-25_00-26-31-uma-4fov-9f-5s-ISO640-72d-27o.jpg
39,2012-03-25 00-26-31-uma-4fov-9f-5s-ISO640-72d-27o-ann.jpg,,Own work,CC BY 3.0,https://creativecommons.org/licenses/by/3.0,https://upload.wikimedia.org/wikipedia/commons/3/36/2012-03-25_00-26-31-uma-4fov-9f-5s-ISO640-72d-27o-ann.jpg,https://commons.wikimedia.org/wiki/File:2012-03-25_00-26-31-uma-4fov-9f-5s-ISO640-72d-27o-ann.jpg
40,2012-03-24 21-15-43-lion-5fov-9f-5s-iso640-72d-27o-ann.jpg,,Own work,CC BY 3.0,https://creativecommons.org/licenses/by/3.0,https://upload.wikimedia.org/wikipedia/commons/3/36/2012-03-24_21-15-43-lion-5fov-9f-5s-iso640-72d-27o-ann.jpg,https://commons.wikimedia.org/wiki/File:2012-03-24_21-15-43-lion-5fov-9f-5s-iso640-72d-27o-ann.jpg
41,2012-03-21 23-20-56-circumpolaire.jpg,,Own work,CC BY 3.0,https://creativecommons.org/licenses/by/3.0,https://upload.wikimedia.org/wikipedia/commons/d/d8/2012-03-21_23-20-56-circumpolaire.jpg,https://commons.wikimedia.org/wiki/File:2012-03-21_23-20-56-circumpolaire.jpg
42,2012-03-21 21-58-06-m45-6f-60s-3d-13o.jpg,,Own work,CC BY 3.0,https://creativecommons.org/licenses/by/3.0,https://upload.wikimedia.org/wikipedia/commons/c/ca/2012-03-21_21-58-06-m45-6f-60s-3d-13o.jpg,https://commons.wikimedia.org/wiki/File:2012-03-21_21-58-06-m45-6f-60s-3d-13o.jpg
43,2012-03-14 20-55-20-m45-19f-1.6s-13d-13o.jpg,,Own work,CC BY 3.0,https://creativecommons.org/licenses/by/3.0,https://upload.wikimedia.org/wikipedia/commons/a/ae/2012-03-14_20-55-20-m45-19f-1.6s-13d-13o.jpg,https://commons.wikimedia.org/wiki/File:2012-03-14_20-55-20-m45-19f-1.6s-13d-13o.jpg
44,2012-03-14 20-53-50-orion-40f-1.6s-13d-13o.jpg,,Own work,CC BY 3.0,https://creativecommons.org/licenses/by/3.0,https://upload.wikimedia.org/wikipedia/commons/2/21/2012-03-14_20-53-50-orion-40f-1.6s-13d-13o.jpg,https://commons.wikimedia.org/wiki/File:2012-03-14_20-53-50-orion-40f-1.6s-13d-13o.jpg
45,2012-03-14 20-49-10-jupi-venus-52f-1.6s-13d-13o.jpg,,Own work,CC BY 3.0,https://creativecommons.org/licenses/by/3.0,https://upload.wikimedia.org/wikipedia/commons/e/eb/2012-03-14_20-49-10-jupi-venus-52f-1.6s-13d-13o.jpg,https://commons.wikimedia.org/wiki/File:2012-03-14_20-49-10-jupi-venus-52f-1.6s-13d-13o.jpg
46,2012-03-14 21-42-55-file-etoiles-14f-2min-3d.jpg,,Own work,CC BY 3.0,https://creativecommons.org/licenses/by/3.0,https://upload.wikimedia.org/wikipedia/commons/7/7b/2012-03-14_21-42-55-file-etoiles-14f-2min-3d.jpg,https://commons.wikimedia.org/wiki/File:2012-03-14_21-42-55-file-etoiles-14f-2min-3d.jpg
47,2012-02-27 21-38-50-m44-42f-41d-8o.jpg,,Own work,CC BY 3.0,https://creativecommons.org/licenses/by/3.0,https://upload.wikimedia.org/wikipedia/commons/5/5d/2012-02-27_21-38-50-m44-42f-41d-8o.jpg,https://commons.wikimedia.org/wiki/File:2012-02-27_21-38-50-m44-42f-41d-8o.jpg
48,2012-02-29 21-14-18-pano-conj-lune-aldebaran-48f-2s-11d-10o.jpg,,Own work,CC BY 3.0,https://creativecommons.org/licenses/by/3.0,https://upload.wikimedia.org/wikipedia/commons/6/61/2012-02-29_21-14-18-pano-conj-lune-aldebaran-48f-2s-11d-10o.jpg,https://commons.wikimedia.org/wiki/File:2012-02-29_21-14-18-pano-conj-lune-aldebaran-48f-2s-11d-10o.jpg
49,2012-02-27 22-36-46-chapelet-lune-14f.jpg,,Own work,CC BY 3.0,https://creativecommons.org/licenses/by/3.0,https://upload.wikimedia.org/wikipedia/commons/d/db/2012-02-27_22-36-46-chapelet-lune-14f.jpg,https://commons.wikimedia.org/wiki/File:2012-02-27_22-36-46-chapelet-lune-14f.jpg
50,2012-02-12 20-57-15-pano-ciel-soir-hiver-30im-10d-16o.jpg,,Own work,CC BY 3.0,https://creativecommons.org/licenses/by/3.0,https://upload.wikimedia.org/wikipedia/commons/2/2c/2012-02-12_20-57-15-pano-ciel-soir-hiver-30im-10d-16o.jpg,https://commons.wikimedia.org/wiki/File:2012-02-12_20-57-15-pano-ciel-soir-hiver-30im-10d-16o.jpg
51,2012-01-17 22-11-44-constellations-20f-6d-11o.jpg,,Own work,CC BY 3.0,https://creativecommons.org/licenses/by/3.0,https://upload.wikimedia.org/wikipedia/commons/b/b0/2012-01-17_22-11-44-constellations-20f-6d-11o.jpg,https://commons.wikimedia.org/wiki/File:2012-01-17_22-11-44-constellations-20f-6d-11o.jpg
52,2011-11-09 14-43-52-sun-in-h-alpha.jpg,,Own work,CC BY 3.0,https://creativecommons.org/licenses/by/3.0,https://upload.wikimedia.org/wikipedia/commons/8/8f/2011-11-09_14-43-52-sun-in-h-alpha.jpg,https://commons.wikimedia.org/wiki/File:2011-11-09_14-43-52-sun-in-h-alpha.jpg
53,2011-11-19-Waning crescent moon.jpg,,Own work,CC BY 3.0,https://creativecommons.org/licenses/by/3.0,https://upload.wikimedia.org/wikipedia/commons/2/2f/2011-11-19-Waning_crescent_moon.jpg,https://commons.wikimedia.org/wiki/File:2011-11-19-Waning_crescent_moon.jpg
54,2011-08-13 22-31-35-moonlight.jpg,,Own work,CC BY 3.0,https://creativecommons.org/licenses/by/3.0,https://upload.wikimedia.org/wikipedia/commons/b/be/2011-08-13_22-31-35-moonlight.jpg,https://commons.wikimedia.org/wiki/File:2011-08-13_22-31-35-moonlight.jpg
55,2011-07-29-deep-sky-7.jpg,,Own work,CC BY 3.0,https://creativecommons.org/licenses/by/3.0,https://upload.wikimedia.org/wikipedia/commons/0/00/2011-07-29-deep-sky-7.jpg,https://commons.wikimedia.org/wiki/File:2011-07-29-deep-sky-7.jpg
56,Model---Sun---Gasometer---Oberhausen---(Gentry).jpg,Gentry,Own work,Attribution,https://creativecommons.org/licenses/by/3.0,https://upload.wikimedia.org/wikipedia/commons/2/2b/Model---Sun---Gasometer---Oberhausen---%28Gentry%29.jpg,https://commons.wikimedia.org/wiki/File:Model---Sun---Gasometer---Oberhausen---%28Gentry%29.jpg
57,Sol-halpha.jpg,,,CC BY 3.0,https://creativecommons.org/licenses/by/3.0,https://upload.wikimedia.org/wikipedia/commons/d/de/Sol-halpha.jpg,https://commons.wikimedia.org/wiki/File:Sol-halpha.jpg
58,Thomas Bresson - Mosaique-ecl-lune-20091231 (by).jpg,Thomas Bresson,Lunar ecli,CC BY 2.0,https://creativecommons.org/licenses/by/2.0,https://upload.wikimedia.org/wikipedia/commons/9/95/Thomas_Bresson_-_Mosaique-ecl-lune-20091231_%28by%29.jpg,https://commons.wikimedia.org/wiki/File:Thomas_Bresson_-_Mosaique-ecl-lune-20091231_%28by%29.jpg
59,Radiotélescopes du Plateau de Bure.JPG,,Self-photographed,CC BY-SA 3.0,https://creativecommons.org/licenses/by-sa/3.0,https://upload.wikimedia.org/wikipedia/commons/7/75/Radiot%C3%A9lescopes_du_Plateau_de_Bure.JPG,https://commons.wikimedia.org/wiki/File:Radiot%C3%A9lescopes_du_Plateau_de_Bure.JPG
60,Moon 2966.jpg,Dori,Own work,CC BY-SA 3.0,https://creativecommons.org/licenses/by-sa/3.0,https://upload.wikimedia.org/wikipedia/commons/a/aa/Moon_2966.jpg,https://commons.wikimedia.org/wiki/File:Moon_2966.jpg
